<?xml version="1.0" encoding="UTF-8"?>
<!DOCTYPE tiles-definitions PUBLIC 
	"-//Apache Software Foundation//DTD Tiles Configuration 3.0//EN" 
	"http://tiles.apache.org/dtds/tiles-config_3_0.dtd">
	
<tiles-definitions>
    <!-- 모든 JSP 파일은 views 폴더로 이동 -->
    <!-- home.index -->
    	<definition name="home.*" template="/WEB-INF/views/inc/layout.jsp">
		<put-attribute name="header" value="/WEB-INF/views/inc/header.jsp"/>		
		<put-attribute name="footer" value="/WEB-INF/views/inc/footer.jsp"/>
		<put-attribute name="content"  value="/WEB-INF/views/{1}.jsp"/>		
		
		<put-attribute name="title" value="SiSt5 Spring Tiles"/>
	</definition>
    
    <!-- customer.notice-->
    <!-- customer.noticeDetail-->
    <!-- customer.noticeReg-->
    <!-- customer.noticeEdit-->
    <!-- joinus.join-->
    <!-- joinus.login-->
	<definition name="*.*" template="/WEB-INF/views/{1}/inc/layout.jsp">
		<put-attribute name="header" value="/WEB-INF/views/inc/header.jsp"/>		
		<put-attribute name="footer" value="/WEB-INF/views/inc/footer.jsp"/>
		<put-attribute name="visual"  value="/WEB-INF/views/{1}/inc/visual.jsp"/>			
		<put-attribute name="aside"  value="/WEB-INF/views/{1}/inc/aside.jsp"/>		
		<put-attribute name="content"  value="/WEB-INF/views/{1}/{2}.jsp"/>
		
		<put-attribute name="css" value="{2}.css"></put-attribute>		
	</definition>

</tiles-definitions>





